id,type,k_used,recall,precision,full_match
5add1d575542992c1e3a2540,bridge,4,0.5,0.25,0
5ac55ea55542993e66e82377,bridge,4,0.5,0.25,0
5ac3a76e554299741d48a2be,bridge,4,1.0,0.5,1
5a7133565542994082a3e65c,bridge,4,1.0,0.5,1
5ac1a4745542991316484b82,bridge,4,0.5,0.25,0
5adc597d55429947ff17392f,bridge,4,0.5,0.25,0
5ac55e835542993e66e82375,bridge,4,1.0,0.5,1
5a8d9e0f554299441c6ba015,bridge,4,1.0,0.5,1
5ae70ed7554299572ea546a1,bridge,4,1.0,0.5,1
5a74a8fa55429929fddd8497,bridge,4,0.5,0.25,0
5a7cb94f554299683c1c6353,bridge,4,1.0,0.5,1
5ab874ba5542990e739ec904,bridge,4,1.0,0.5,1
5ae3a8985542992f92d82329,bridge,4,0.5,0.25,0
5ac39f7b554299218029dbe7,bridge,4,1.0,0.5,1
5ae27b535542996483e649b6,bridge,4,1.0,0.5,1
5a7331de5542994cef4bc4a8,bridge,4,1.0,0.5,1
5ac15de55542991316484afb,comparison,4,1.0,0.5,1
5a7c6c9d554299683c1c6302,bridge,4,0.5,0.25,0
5ae6363b55429929b0807af0,bridge,4,0.5,0.25,0
5a8cea40554299441c6b9f76,comparison,4,1.0,0.5,1
5ab5ecd75542992aa134a3e6,bridge,4,1.0,0.5,1
5a84c5545542991dd0999dee,bridge,4,0.5,0.25,0
5adeacf955429975fa854f66,bridge,4,1.0,0.5,1
5a8ce15d554299653c1aa12f,comparison,4,1.0,0.5,1
5ade4da055429939a52fe878,bridge,4,0.5,0.25,0
5ab2a186554299295394677b,bridge,4,1.0,0.5,1
5ade66e1554299728e26c713,bridge,4,1.0,0.5,1
5a7c634c55429907fabeef79,comparison,4,1.0,0.5,1
5ae13f3c5542997b2ef7d168,bridge,4,1.0,0.5,1
5ae17cd055429901ffe4aea3,comparison,4,1.0,0.5,1
5ae7940c55429952e35ea984,bridge,4,0.5,0.25,0
5a7296815542991f9a20c515,comparison,4,0.5,0.25,0
5ab2e8ad554299340b525562,bridge,4,1.0,0.5,1
5a89b1de5542992e4fca8378,bridge,4,1.0,0.5,1
5ab78edc5542995dae37e95c,bridge,4,0.5,0.25,0
5ae73acb5542991e8301cc07,bridge,4,1.0,0.5,1
5a8257fa55429940e5e1a866,bridge,4,1.0,0.5,1
5a8d8e4f5542994ba4e3dca7,bridge,4,1.0,0.5,1
5a8a07725542992d82986e5b,bridge,4,1.0,0.5,1
5a79fac85542996c55b2dcc1,bridge,4,0.5,0.25,0
5a81537355429926c1cdad20,bridge,4,1.0,0.5,1
5a721d5a55429971e9dc9283,bridge,4,1.0,0.5,1
5a7aa2a255429941d65f270e,comparison,4,1.0,0.5,1
5abe6f8455429965af743f03,bridge,4,1.0,0.5,1
5ae7257a554299572ea54731,bridge,4,1.0,0.5,1
5ac0e0e25542997d64295a6f,bridge,4,0.5,0.25,0
5a72688c5542997f827839b2,comparison,4,1.0,0.5,1
5adea0c5554299728e26c776,comparison,4,1.0,0.5,1
5ab8372255429919ba4e226b,bridge,4,1.0,0.5,1
5ac0e064554299012d1db64e,bridge,4,1.0,0.5,1
5a8574945542997b5ce3fffb,comparison,4,1.0,0.5,1
5a8704f8554299211dda2ba4,bridge,4,1.0,0.5,1
5a81d1f0554299676cceb0ee,bridge,4,0.5,0.25,0
5a7bf84b5542996dd594b875,bridge,4,1.0,0.5,1
5ab69e4f554299710c8d1eee,bridge,4,1.0,0.5,1
5ae64ad25542995703ce8b4f,bridge,4,0.0,0.0,0
5a7571135542992d0ec05f98,bridge,4,0.5,0.25,0
5a8f2fed55429918e830d1c7,bridge,4,1.0,0.5,1
5ab596d95542992aa134a371,comparison,4,1.0,0.5,1
5a71214d5542994082a3e5b9,bridge,4,0.5,0.25,0
5ac298f9554299657fa28fc9,comparison,4,1.0,0.5,1
5ae35e8c5542990afbd1e120,bridge,4,0.5,0.25,0
5ae616ce5542992663a4f259,bridge,4,0.5,0.25,0
5abbc3a955429931dba144f9,bridge,4,0.5,0.25,0
5adfe6c455429906c02daa85,bridge,4,1.0,0.5,1
5a7f924c55429969796c1aba,bridge,4,0.5,0.25,0
5ab938fb554299131ca422ce,bridge,4,1.0,1.0,1
5ae1e80b5542997f29b3c197,bridge,4,0.5,0.25,0
5a89e3995542992e4fca844d,bridge,4,0.5,0.25,0
5ab8919655429934fafe6e13,bridge,4,1.0,0.5,1
5add18345542994ed6169c7e,bridge,4,1.0,0.5,1
5a825b0e55429954d2e2eb0c,bridge,4,0.5,0.25,0
5ab54056554299488d4d9923,comparison,4,0.5,0.25,0
5a8a416955429930ff3c0d2b,bridge,4,1.0,0.5,1
5a729fe55542991f9a20c53b,bridge,4,1.0,0.5,1
5abee41a5542993fe9a41d79,bridge,4,1.0,0.5,1
5a8327fd5542990548d0b1a3,bridge,4,1.0,0.5,1
5a7264ed5542990c210a411a,bridge,4,1.0,0.5,1
5a74cfc75542996c70cfadfe,bridge,4,1.0,0.5,1
5abe3c7555429965af743ea5,bridge,4,0.5,0.25,0
5a88a5645542997e5c09a679,comparison,4,1.0,0.5,1
5a8756aa5542994846c1cd69,bridge,4,1.0,0.5,1
5a83ab355542990548d0b218,comparison,4,1.0,0.5,1
5abe407155429976d4830ab4,comparison,4,1.0,0.5,1
5a769b115542993569682c51,bridge,4,0.5,0.25,0
5abb8a9b5542996cc5e4a016,comparison,4,1.0,0.5,1
5adf4b335542993a75d264a5,bridge,4,1.0,0.5,1
5a8a19c45542992e4fca8501,comparison,4,1.0,0.5,1
5ac2f34455429921a00ab0b6,bridge,4,1.0,0.5,1
5a7e040f5542990b8f503b13,comparison,4,1.0,0.5,1
5a8f186055429918e830d186,bridge,4,1.0,0.5,1
5ac4fbe255429924173fb53b,bridge,4,0.5,0.25,0
5a8591715542994c784ddb27,bridge,4,1.0,0.5,1
5a8ee3a755429917b4a5be02,bridge,4,0.5,0.25,0
5ab985eb554299131ca42360,comparison,4,1.0,0.5,1
5ab431d855429942dd415ed2,bridge,4,0.5,0.25,0
5a771ead55429966f1a36c7c,bridge,4,1.0,0.5,1
5ac46a8b5542991943173980,bridge,4,1.0,0.5,1
5abda2b755429933744ab80f,bridge,4,0.5,0.25,0
5adc02445542994650320c4e,bridge,4,1.0,0.5,1
5a8b128455429971feec463b,bridge,4,0.5,0.25,0
5a803ed45542996402f6a496,bridge,4,1.0,0.5,1
5a74c85055429916b0164218,bridge,4,0.5,0.25,0
5ac288a95542990b17b153e5,bridge,4,1.0,0.5,1
5ab2123155429970612095b9,bridge,4,0.5,0.25,0
5a82edae55429966c78a6a9f,bridge,4,1.0,0.5,1
5ae22b8d554299234fd0440f,bridge,4,1.0,0.5,1
5adbda2755429944faac2385,bridge,4,1.0,0.5,1
5ae1d1a55542997f29b3c138,bridge,4,1.0,0.5,1
5ac3a2f35542993915413856,bridge,4,1.0,0.5,1
5a7647b85542992d0ec0608a,bridge,4,1.0,0.5,1
5ac49a1c5542996feb3fe905,bridge,4,1.0,0.5,1
5ae60484554299546bf8301a,bridge,4,1.0,0.5,1
5a84cf175542992a431d1aa2,comparison,4,1.0,0.5,1
5a81b2505542995ce29dcc32,bridge,4,1.0,0.5,1
5ab568af554299494045efaf,bridge,4,1.0,0.5,1
5a8f7a135542992414482adc,bridge,4,1.0,0.5,1
5ab2be71554299166977408c,bridge,4,1.0,0.5,1
5ae537e45542990ba0bbb235,bridge,4,0.5,0.25,0
5ac2546a554299636651997b,comparison,4,0.5,0.25,0
5ae356045542990afbd1e10d,bridge,4,0.5,0.25,0
5ae1e6d95542997283cd22c3,bridge,4,0.5,0.25,0
5a8b8f5b55429949d91db5e1,bridge,4,1.0,0.5,1
5ab3460055429976abd1bc80,bridge,4,1.0,0.5,1
5a7d2afb554299452d57bb41,bridge,4,1.0,0.5,1
5adea95055429939a52fe931,bridge,4,1.0,0.5,1
5ab7d33d5542992aa3b8c859,bridge,4,1.0,0.5,1
5a893f305542993b751ca91e,bridge,4,1.0,0.5,1
5adea83b55429975fa854f53,bridge,4,0.5,0.25,0
5ae1d32a554299492dc91b9c,bridge,4,0.5,0.25,0
5a82accd55429966c78a6a78,comparison,4,1.0,0.5,1
5a90ba1b55429933b8a205c6,comparison,4,1.0,0.5,1
5adcb6875542994ed6169bcb,comparison,4,0.5,0.25,0
5a7f95685542995d8a8ddeaa,bridge,4,0.5,0.25,0
5a78b386554299148911f949,bridge,4,0.5,0.25,0
5a8c781c554299653c1aa083,bridge,4,1.0,0.5,1
5a80ae105542992bc0c4a7a2,comparison,4,1.0,0.5,1
5a84992e5542992a431d1a6d,bridge,4,0.5,0.25,0
5a8f2cc855429918e830d1be,bridge,4,0.5,0.25,0
5a8841ee5542994846c1ce6b,comparison,4,1.0,0.5,1
5adf85e05542993344016cba,bridge,4,0.5,0.25,0
5a77415b55429966f1a36cd2,bridge,4,1.0,0.5,1
5a72fc865542991f9a20c5e9,bridge,4,1.0,0.5,1
5ac4e13f554299076e296e2d,bridge,4,1.0,0.5,1
5a7796e05542992a6e59df0f,bridge,4,1.0,0.5,1
5ae3eabc5542995dadf2424f,bridge,4,1.0,0.5,1
5ae3c71f5542991a06ce9a22,bridge,4,1.0,0.5,1
5ae25d2b554299495565da46,comparison,4,1.0,0.5,1
5ab8179f5542990e739ec817,bridge,4,1.0,0.5,1
5adc411f5542994650320cbc,comparison,4,1.0,0.5,1
5aba6f3e55429955dce3ee21,bridge,4,1.0,0.5,1
5add2dae5542992c1e3a2558,comparison,4,1.0,0.5,1
5ae14b0655429920d52343a6,bridge,4,0.5,0.25,0
5a730a6b5542992359bc3210,comparison,4,1.0,0.5,1
5a75fa14554299109176e5dc,bridge,4,0.5,0.25,0
5ac35a7e554299741d48a257,bridge,4,0.5,0.25,0
5a8651185542994775f60752,comparison,4,1.0,0.5,1
5a79fe3b5542994f819ef119,bridge,4,1.0,0.5,1
5a8268215542995ce29dccfb,bridge,4,1.0,0.5,1
5a7605f85542994ccc91868d,comparison,4,1.0,0.5,1
5adf74075542992d7e9f937c,bridge,4,1.0,0.5,1
5abe2b0155429976d4830a83,bridge,4,1.0,0.5,1
5a849c1b5542997175ce1ef9,bridge,4,0.5,0.25,0
5a81108855429926c1cdace2,bridge,4,0.5,0.25,0
5a8e06785542995085b37383,bridge,4,1.0,0.5,1
5adbfa38554299438c868d00,bridge,4,1.0,0.5,1
5a73b1855542992d56e7e388,bridge,4,1.0,0.5,1
5ab94fa25542996be2020474,bridge,4,1.0,0.5,1
5a7e7d4655429934daa2fc2e,bridge,4,1.0,0.5,1
5a75d9c05542992db94736f6,bridge,4,0.5,0.25,0
5adf33965542993344016c20,bridge,4,1.0,0.5,1
5a8f979255429918e830d288,bridge,4,0.5,0.25,0
5a8a17685542993b751ca9f3,bridge,4,1.0,0.5,1
5abd56355542993062266c58,bridge,4,1.0,0.5,1
5ab91f98554299753720f70d,bridge,4,1.0,0.5,1
5a811152554299260e20a22e,bridge,4,1.0,0.5,1
5a7a1f795542996c55b2dd1b,bridge,4,1.0,0.5,1
5a7324e055429901807daf8f,bridge,4,1.0,0.5,1
5ab9618f554299743d22eb28,bridge,4,0.5,0.25,0
5abffafe5542997d64295988,bridge,4,1.0,0.5,1
5a8cee9b554299441c6b9f87,bridge,4,1.0,0.5,1
5a7270395542992359bc30a8,bridge,4,0.5,0.25,0
5ac14d0c5542991316484ae2,comparison,4,1.0,0.5,1
5a75a76b5542992db9473697,comparison,4,1.0,0.5,1
5ab55455554299488d4d993b,bridge,4,0.5,0.25,0
5a7f48e15542992e7d278ce6,bridge,4,0.5,0.25,0
5ab7f0995542995dae37e9fb,comparison,4,1.0,0.5,1
5aba89fb5542994dbf019933,bridge,4,0.5,0.25,0
5a7621bb554299109176e650,bridge,4,1.0,0.5,1
5a70f0e75542994082a3e408,comparison,4,1.0,0.5,1
5a773ec45542994aec3b7245,comparison,4,1.0,0.5,1
5a802b595542995d8a8ddf51,bridge,4,0.5,0.25,0
5a8de7c65542995085b37353,bridge,4,0.5,0.25,0
5ab5b6c1554299637185c5e5,comparison,4,0.5,0.25,0
5abb8e2d554299642a094aa4,bridge,4,1.0,0.5,1
5a7642f7554299109176e6e8,comparison,4,1.0,0.5,1
5a756b175542996c70cfaef7,comparison,4,1.0,0.5,1
5a83161555429940e5e1a958,bridge,4,1.0,0.5,1
5ab3eac5554299753aec59ec,bridge,4,1.0,0.5,1
5a73090455429901807daf6e,comparison,4,1.0,0.5,1
5a8c8502554299585d9e36d0,bridge,4,1.0,0.5,1
5a7d598d5542995f4f402262,comparison,4,1.0,0.5,1
5a77f4755542992a6e59e01f,bridge,4,1.0,0.5,1
5abcf14f55429959677d6b5b,bridge,4,1.0,0.5,1
5a8d8eb5554299068b959d3a,comparison,4,1.0,0.5,1
5a7e7ed05542991319bc94c2,comparison,4,1.0,0.5,1
5ae236445542992decbdcc69,bridge,4,1.0,0.5,1
5a750de95542993748c897ac,bridge,4,0.5,0.25,0
5a7fc03d5542992097ad2fbc,bridge,4,1.0,0.5,1
5a7172105542994082a3e837,bridge,4,1.0,0.5,1
5a847edd554299123d8c2272,comparison,4,1.0,0.5,1
5ab761d955429928e1fe3856,bridge,4,1.0,0.5,1
5a7a2dac5542990198eaf0b6,comparison,4,1.0,0.5,1
5ae530e355429908b6326561,bridge,4,0.5,0.25,0
5abcff225542993a06baf9ea,bridge,4,1.0,0.5,1
5abe9f7d5542997ec76fd331,bridge,4,0.5,0.25,0
5a8db42f5542994ba4e3dd11,comparison,4,1.0,0.5,1
5ae658855542992ae0d162e3,bridge,4,0.5,0.25,0
5a8c6d4e5542996e8ac88aa6,comparison,4,1.0,0.5,1
5aba65a055429939ce03dcd2,bridge,4,0.5,0.25,0
5ae199305542997b2ef7d20e,bridge,4,1.0,0.5,1
5a806aca5542996402f6a503,bridge,4,0.5,0.25,0
5ae336495542990afbd1e0e1,bridge,4,1.0,0.5,1
5a8198565542995ce29dcc13,comparison,4,1.0,0.5,1
5a9068075542990a9849361a,comparison,4,1.0,0.5,1
5a7a2be25542996a35c17118,comparison,4,0.5,0.25,0
5a7562045542992db947364f,comparison,4,1.0,0.5,1
5ac2a55b55429921a00ab018,bridge,4,0.5,0.25,0
5abccf6755429965836004ab,bridge,4,1.0,0.5,1
5a7c8ae855429935c91b5207,bridge,4,1.0,0.5,1
5ab30ebf554299753aec592c,bridge,4,0.5,0.25,0
5ab2b95c5542991669774072,bridge,4,1.0,0.5,1
5ac2a10e554299657fa28fec,bridge,4,0.5,0.25,0
5abb02fe554299232ef4a39f,bridge,4,1.0,0.5,1
5a8eb4d65542990e94052b82,bridge,4,1.0,0.5,1
5a8ba60b554299240d9c205b,bridge,4,1.0,0.5,1
5a807ca5554299485f598613,bridge,4,1.0,0.5,1
5a7c0dab5542997c3ec972d2,bridge,4,0.5,0.25,0
5a89019a5542995153361259,bridge,4,0.5,0.25,0
5a7f00b455429930675135f1,bridge,4,1.0,0.5,1
5a8220db5542995ce29dccc1,bridge,4,1.0,0.5,1
5ab510cb5542996a3a96a00f,comparison,4,1.0,0.5,1
5a80a25d5542995d8a8ddfb7,bridge,4,0.5,0.25,0
5adf5cd25542992d7e9f9320,bridge,4,0.5,0.25,0
5a75ebfc5542992d0ec06018,bridge,4,1.0,0.5,1
5ab29caa554299545a2cf9d3,bridge,4,1.0,0.5,1
5ae0536755429924de1b70a6,comparison,4,1.0,0.5,1
5ae17a9b5542990adbacf7a2,comparison,4,1.0,0.5,1
5a8f503c5542992414482a34,bridge,4,0.5,0.25,0
5ae0159855429925eb1afc09,comparison,4,1.0,0.5,1
5a8b2f2b5542995d1e6f12fa,bridge,4,1.0,0.5,1
5a90386455429916514e7435,bridge,4,0.5,0.25,0
5ab43179554299233955004d,bridge,4,0.5,0.25,0
5a8b42be55429949d91db515,comparison,4,1.0,0.5,1
5a8d6d4e554299441c6b9fdb,bridge,4,0.5,0.25,0
5ae40a2955429970de88d8a3,bridge,4,0.5,0.25,0
5adcfebe5542992c1e3a24f3,bridge,4,0.5,0.25,0
5ab5a3fb5542997d4ad1f19b,bridge,4,0.5,0.25,0
5ac2ffbd554299677310267b,bridge,4,1.0,0.5,1
5a7133fa5542994082a3e660,bridge,4,1.0,0.5,1
5abea7c25542990832d3a068,bridge,4,1.0,0.5,1
5a8a09765542992d82986e67,bridge,4,1.0,0.5,1
5a72a51355429901807daf21,bridge,4,0.5,0.25,0
5aba72d75542994dbf019912,comparison,4,0.5,0.25,0
5adcd9fe5542990d50227d46,comparison,4,1.0,0.5,1
5ae5c212554299546bf82f4b,bridge,4,1.0,0.5,1
5a7320565542991f9a20c61d,bridge,4,1.0,0.5,1
5add596f5542990dbb2f7e4d,bridge,4,0.5,0.25,0
5adfb60655429942ec259b08,bridge,4,0.5,0.25,0
5a74adb455429916b01641c6,comparison,4,1.0,0.5,1
5ae27df25542992decbdcd2a,comparison,4,1.0,0.5,1
5a8baf4b5542996e8ac889c5,comparison,4,1.0,0.5,1
5ae352285542994393b9e685,bridge,4,1.0,0.5,1
5a8e0a005542995085b373a1,bridge,4,1.0,0.5,1
5ab639e65542995eadeeff7f,comparison,4,1.0,0.5,1
5ade99295542992fa25da7d8,bridge,4,1.0,0.5,1
5ac26b7f55429951e9e685ae,bridge,4,1.0,0.5,1
5ae351405542994393b9e67f,bridge,4,1.0,0.5,1
5a7f6f4b5542994857a76740,bridge,4,1.0,0.5,1
5a81346055429926c1cdad13,bridge,4,1.0,0.5,1
5a716f575542994082a3e82f,comparison,4,1.0,0.5,1
5a812d0555429938b61422e1,comparison,4,1.0,0.5,1
5a826d2f5542995ce29dcd05,bridge,4,1.0,0.5,1
5ab67c3f55429954757d32f9,comparison,4,1.0,0.5,1
5ae20e265542994d89d5b325,bridge,4,1.0,0.5,1
5ae7eed8554299540e5a56b5,bridge,4,1.0,0.5,1
5a7555215542996c70cfaee1,comparison,4,1.0,0.5,1
5ab9b29c554299743d22ebae,comparison,4,1.0,0.5,1
5ae2c696554299495565db32,bridge,4,1.0,0.5,1
5a832f9d5542993344745fe4,bridge,4,1.0,0.5,1
5a79e3925542994bb9457130,comparison,4,1.0,0.5,1
5ae713af554299572ea546bb,bridge,4,1.0,0.5,1
5ade450b5542997c77adedc5,bridge,4,1.0,0.5,1
5ab3cecd5542992ade7c6eae,bridge,4,1.0,0.5,1
5ae4be5c5542995ad6573e3a,bridge,4,0.5,0.25,0
5a8d5ec2554299585d9e37c4,comparison,4,1.0,0.5,1
5ae765185542995703ce8c0f,bridge,4,1.0,0.5,1
5ab2c6a955429916697740c2,bridge,4,0.5,0.25,0
5ab6369655429953192ad2a1,comparison,4,1.0,1.0,1
5a7b220855429931da12c9e5,bridge,4,1.0,0.5,1
5a81d92f554299676cceb0f9,comparison,4,1.0,0.5,1
5a7b735c5542997c3ec9718a,bridge,4,0.5,0.25,0
5a724a2b5542990c210a40bc,bridge,4,1.0,0.5,1
5ae5db98554299546bf82fa6,bridge,4,1.0,0.5,1
5a7344e95542991f9a20c6ce,bridge,4,0.5,0.25,0
5ab6dbc15542995eadef00cd,comparison,4,1.0,1.0,1
5a88016b5542997e5c09a58a,bridge,4,1.0,0.5,1
5ab5e024554299494045f097,comparison,4,1.0,0.5,1
5ac44629554299194317395d,bridge,4,1.0,0.5,1
5a7afdc85542992d025e672e,bridge,4,1.0,0.5,1
5ae834e95542997ec272776a,bridge,4,1.0,0.5,1
5abbdb335542992ccd8e7fc1,comparison,4,1.0,0.5,1
5a79c9cc554299148911fa53,comparison,4,1.0,0.5,1
5ac38c0755429939154137bb,bridge,4,1.0,0.5,1
5a8b7cb95542995d1e6f13bb,bridge,4,0.0,0.0,0
5addfdfa5542997dc790710b,bridge,4,1.0,0.5,1
5a88d745554299206df2b378,comparison,4,1.0,0.5,1
5ae6940e5542991bbc97613f,bridge,4,1.0,0.5,1
5abe3abb55429965af743ea1,bridge,4,0.5,0.25,0
5a8ba9d255429971feec4759,bridge,4,0.5,0.25,0
5ab2b6fb5542992953946848,bridge,4,1.0,0.5,1
5adfd2f255429925eb1afaa5,bridge,4,1.0,0.5,1
5a7a33a35542994f819ef14c,bridge,4,1.0,0.5,1
5a8ba07d5542996e8ac88985,bridge,4,1.0,0.5,1
5ab8f57b5542991b5579f097,comparison,4,1.0,0.5,1
5abfb3425542990832d3a1c0,bridge,4,1.0,0.5,1
5ab5ac345542992aa134a37f,bridge,4,0.5,0.25,0
5a8e63d65542995085b37421,comparison,4,0.5,0.25,0
5a89706055429951533612f9,bridge,4,0.5,0.25,0
5a8e612b5542995085b3741b,comparison,4,1.0,0.5,1
5a738fb4554299623ed4abf9,comparison,4,1.0,0.5,1
5a8bc29a5542995d1e6f1446,bridge,4,0.5,0.25,0
5abfe2a15542997d6429591c,bridge,4,0.5,0.25,0
5a868ca055429960ec39b6be,bridge,4,0.5,0.25,0
5a820f2c55429926c1cdae17,comparison,4,1.0,0.5,1
5ae5a4e5554299546bf82f01,bridge,4,1.0,0.5,1
5a8d0c74554299585d9e37a1,bridge,4,0.5,0.25,0
5ab9d7e4554299232ef4a21f,bridge,4,1.0,0.5,1
5a7148d25542994082a3e766,comparison,4,1.0,0.5,1
5ae6233c5542992ae0d1623e,bridge,4,1.0,0.5,1
5adff2aa554299603e4183d0,comparison,4,1.0,0.5,1
5ade7fa3554299728e26c727,bridge,4,1.0,0.5,1
5a8f38fa55429924144829f5,bridge,4,1.0,0.5,1
5a8f51695542992414482a3e,bridge,4,0.5,0.25,0
5a88db445542993b751ca88a,bridge,4,1.0,0.5,1
5a7ef6b35542994959419a94,bridge,4,0.5,0.25,0
5a8e494e5542995a26add4c8,bridge,4,1.0,0.5,1
5ab5d43f5542997d4ad1f1f6,bridge,4,1.0,0.5,1
5a7905ca554299148911f9c8,bridge,4,1.0,0.5,1
5ab30f9a554299233954fef2,bridge,4,1.0,0.5,1
5ab3849a55429969a97a8170,bridge,4,0.5,0.25,0
5a7bc5f255429927d897c03e,bridge,4,1.0,0.5,1
5a7f22005542993067513657,bridge,4,1.0,0.5,1
5ab925fd554299131ca42281,bridge,4,1.0,0.5,1
5a76244c554299109176e65d,bridge,4,0.5,0.25,0
5ab53bee554299637185c526,bridge,4,1.0,0.5,1
5ab6aa4c55429953192ad359,bridge,4,1.0,0.5,1
5abe832a55429965af743f29,bridge,4,1.0,0.5,1
5ab5b732554299494045f03c,bridge,4,1.0,0.5,1
5adffb4655429925eb1afbbf,bridge,4,0.5,0.25,0
5ae6d3345542996d980e7c85,bridge,4,1.0,0.5,1
5ab878ba55429916710eb06c,comparison,4,1.0,0.5,1
5a7509175542993748c897a3,bridge,4,0.5,0.25,0
5a8ac38855429970aeb70300,bridge,4,0.0,0.0,0
5a8bc03d5542996e8ac88a0b,bridge,4,1.0,0.5,1
5ae4ad375542995dadf243a4,bridge,4,1.0,0.5,1
5a7da0de5542990b8f5039d7,comparison,4,1.0,0.5,1
5a8af0a355429950cd6afc1c,bridge,4,1.0,0.5,1
5a73522d5542994cef4bc541,bridge,4,1.0,0.5,1
5ab3a83d5542992ade7c6e08,bridge,4,1.0,0.5,1
5ab84d5a55429916710eb028,bridge,4,0.5,0.25,0
5a7f57a45542992097ad2f29,bridge,4,1.0,0.5,1
5ae764a85542997b22f6a720,bridge,4,1.0,0.5,1
5a7b1023554299042af8f6c2,comparison,4,1.0,0.5,1
5a80707e5542992bc0c4a70e,bridge,4,1.0,0.5,1
5a8e16a5554299068b959e58,bridge,4,1.0,0.5,1
5a875cd65542996e4f30879d,bridge,4,0.5,0.25,0
5a78d16455429974737f78bb,comparison,4,1.0,0.5,1
5a895f6155429946c8d6e914,bridge,4,0.5,0.25,0
5a84f8555542997175ce1f3a,bridge,4,0.5,0.25,0
5ab31adc554299233954ff0a,bridge,4,1.0,0.5,1
5ac3ba1855429939154138f3,comparison,4,0.5,0.25,0
5a7380b955429908901be2d4,comparison,4,0.5,0.25,0
5a8f92fb55429918e830d271,bridge,4,1.0,0.5,1
5a88082055429938390d3ed2,bridge,4,1.0,0.5,1
5a7d22dc5542995ed0d16600,bridge,4,0.5,0.25,0
5ae291bb5542996483e649f6,bridge,4,0.5,0.25,0
5abfde655542997719eab6f2,comparison,4,1.0,0.5,1
5ae67fad5542991bbc976100,bridge,4,0.5,0.25,0
5ab2a1f35542997061209677,bridge,4,1.0,0.5,1
5a74ab6055429916b01641b9,comparison,4,1.0,0.5,1
5a8b97485542995d1e6f140f,comparison,4,1.0,0.5,1
5adcdc6c5542992c1e3a2437,bridge,4,0.5,0.25,0
5ae73ddb554299572ea5478d,bridge,4,1.0,0.5,1
5ade618e554299728e26c700,comparison,4,1.0,0.5,1
5a76404b5542994ccc91873d,comparison,4,1.0,0.5,1
5ac44b47554299194317396c,comparison,4,1.0,0.5,1
5ac27afa5542990b17b153b5,bridge,4,1.0,0.5,1
5ac2c4fe554299218029db3b,bridge,4,0.5,0.25,0
5ae49b705542995ad6573dbc,bridge,4,1.0,0.5,1
5ae5fc345542993aec5ec1f8,bridge,4,0.5,0.25,0
5a8d651955429941ae14dfaf,bridge,4,1.0,0.5,1
5a839cb9554299123d8c2169,comparison,4,0.5,0.25,0
5adbe1b355429944faac23a0,comparison,4,1.0,0.5,1
5ac29cf8554299218029dac2,bridge,4,0.5,0.25,0
5ae21ef35542994d89d5b35d,bridge,4,1.0,0.5,1
5ae1ebf95542997283cd22f2,bridge,4,1.0,0.5,1
5a8b98665542995d1e6f1413,bridge,4,1.0,0.5,1
5ae3d67f5542992f92d8238f,bridge,4,0.5,0.25,0
5a8cb4b2554299585d9e372a,bridge,4,1.0,0.5,1
5ae30aa05542992decbdcdd7,bridge,4,1.0,0.5,1
5adcaa7f5542990d50227cdb,bridge,4,1.0,0.5,1
5a8d40715542994ba4e3dc3a,bridge,4,1.0,0.5,1
5ae4f2595542990ba0bbb1a8,bridge,4,0.5,0.25,0
5ac507725542994611c8b32a,bridge,4,0.5,0.25,0
5a8f5bb45542992414482a77,bridge,4,0.5,0.25,0
5ae1f2d4554299234fd04358,bridge,4,0.5,0.25,0
5ae2fca555429928c423958a,bridge,4,0.5,0.25,0
5adc0f8d55429947ff1738ef,comparison,4,1.0,0.5,1
5add64065542995b365fab25,comparison,4,1.0,0.5,1
5a7d26bd554299452d57bb28,bridge,4,1.0,0.5,1
5abba581554299642a094af9,bridge,4,1.0,0.5,1
5a7f89c75542994857a76775,bridge,4,0.5,0.25,0
5ae531695542990ba0bbb1fb,bridge,4,0.5,0.25,0
5a8d5f16554299585d9e37c5,bridge,4,1.0,0.5,1
5ade1f1c55429939a52fe82d,bridge,4,1.0,0.5,1
5a70f4c45542994082a3e437,bridge,4,1.0,0.5,1
5a8a07af55429970aeb70222,comparison,4,1.0,0.5,1
5abd332e5542993062266bdd,bridge,4,0.5,0.25,0
5ae4869755429970de88d99a,bridge,4,1.0,0.5,1
5a8d841955429941ae14dfe6,bridge,4,1.0,0.5,1
5a87c0945542996e4f30890b,comparison,4,0.5,0.25,0
5a8a9bc15542996c9b8d5f36,bridge,4,1.0,0.5,1
5adc93a4554299438c868e01,bridge,4,0.5,0.25,0
5ae564a155429960a22e02e4,bridge,4,1.0,0.5,1
5ab56b9b5542997d4ad1f113,bridge,4,0.5,0.25,0
5a74d9c555429929fddd84fb,bridge,4,0.5,0.25,0
5a8af56855429950cd6afc2f,bridge,4,1.0,0.5,1
5ab3c470554299233954ffa1,bridge,4,1.0,0.5,1
5ae20c465542997283cd236a,bridge,4,0.5,0.25,0
5ab5b701554299637185c5e7,bridge,4,0.5,0.25,0
5ae829ea5542997ec2727738,bridge,4,0.5,0.25,0
5ac546975542993e66e8229a,bridge,4,1.0,0.5,1
5a81a63c5542990a1d231e45,bridge,4,0.5,0.25,0
5a72af155542992359bc316c,bridge,4,1.0,0.5,1
5abd6f0855429933744ab7d5,bridge,4,1.0,0.5,1
5adefcf15542995ec70e8f4c,bridge,4,1.0,0.5,1
5ae15ae25542990adbacf767,bridge,4,1.0,0.5,1
5abbf43d5542993f40c73c2f,comparison,4,1.0,0.5,1
5a7ab1b055429927d897bef4,comparison,4,1.0,0.5,1
5a7d2afd5542995f4f402221,comparison,4,1.0,0.5,1
5a84c0765542991dd0999dd9,bridge,4,0.5,0.25,0
5ae0bc185542993d6555ec29,bridge,4,0.5,0.25,0
5a7cef5d55429909bec768ac,bridge,4,1.0,0.5,1
5a899f4955429946c8d6e971,bridge,4,0.5,0.25,0
5a8ed7b455429917b4a5bdd1,bridge,4,0.5,0.25,0
5a835a265542992ef85e2281,comparison,4,1.0,0.5,1
5a8c52685542995e66a475bb,bridge,4,0.5,0.25,0
5ab4e48655429942dd415f9c,bridge,4,0.5,0.25,0
5ae67dba55429908198fa5f0,bridge,4,1.0,0.5,1
5ae13c5155429920d5234336,bridge,4,1.0,0.5,1
5ab2b7405542991669774069,comparison,4,1.0,0.5,1
5ab1c693554299722f9b4c66,bridge,4,0.5,0.25,0
5ae692e35542996d980e7c0e,bridge,4,1.0,0.5,1
5a7f74975542992097ad2f77,bridge,4,0.5,0.25,0
5a7e30b255429934daa2fbeb,bridge,4,1.0,0.5,1
5a7ca95b55429935c91b5287,comparison,4,1.0,0.5,1
5abfa18f5542990832d3a176,bridge,4,1.0,0.5,1
5a8a39b355429930ff3c0d13,bridge,4,0.5,0.25,0
5ab2958c554299449642c912,bridge,4,0.5,0.25,0
5ae7eaf65542994a481bbe1d,bridge,4,1.0,0.5,1
5aba916c55429901930fa83b,bridge,4,0.5,0.25,0
5ac0d981554299012d1db646,bridge,4,1.0,0.5,1
5ade653f55429975fa854ebb,bridge,4,0.5,0.25,0
5ab54e145542992aa134a2a1,bridge,4,1.0,0.5,1
5a8518a75542994c784ddaf7,comparison,4,1.0,0.5,1
5ac175635542994ab5c67d4b,bridge,4,1.0,0.5,1
5abd889f55429924427fd046,bridge,4,1.0,0.5,1
5a772c925542993735360208,comparison,4,1.0,0.5,1
5ab492155542991779162ce3,bridge,4,0.5,0.25,0
5ae5ef105542996de7b71a72,bridge,4,1.0,0.5,1
5a8ad2f3554299515336138d,bridge,4,0.5,0.25,0
5a7d07a455429907fabef0ae,bridge,4,1.0,0.5,1
5aba89d555429901930fa816,bridge,4,1.0,0.5,1
5a8c7623554299653c1aa07a,bridge,4,1.0,0.5,1
5a79ecd05542996c55b2dca1,bridge,4,0.5,0.25,0
5adec4695542992fa25da83a,bridge,4,1.0,0.5,1
5ae608f2554299546bf83026,bridge,4,1.0,0.5,1
5abfd5c45542994516f4550e,bridge,4,1.0,0.5,1
5adce12e5542990d50227d4f,bridge,4,1.0,0.5,1
5a851b0d5542997175ce1f7f,comparison,4,1.0,0.5,1
5ae164cf5542997b2ef7d1cd,bridge,4,1.0,0.5,1
5a8c493e554299653c1aa020,bridge,4,0.5,0.25,0
5a89dbec554299669944a5d6,bridge,4,1.0,0.5,1
5ae1389655429901ffe4ae05,bridge,4,1.0,0.5,1
5adc6a3b55429947ff173953,bridge,4,0.5,0.25,0
5ac02880554299012d1db5c0,bridge,4,0.5,0.25,0
5aba0c2655429955dce3edb7,bridge,4,0.5,0.25,0
5add44c25542997545bbbd0a,bridge,4,1.0,0.5,1
5a7616755542992d0ec06028,bridge,4,0.5,0.25,0
5adcd1665542994d58a2f6e6,bridge,4,0.5,0.25,0
5ae4be5455429960a22e019c,comparison,4,0.5,0.25,0
5ae3263455429928c4239634,bridge,4,1.0,0.5,1
5ac05fb55542997d64295a0b,bridge,4,1.0,0.5,1
5ae1f596554299234fd04372,bridge,4,0.5,0.25,0
5a8f47785542997ba9cb3217,comparison,4,1.0,0.5,1
5a74bc1555429929fddd84dd,comparison,4,1.0,0.5,1
5a88e605554299206df2b39c,bridge,4,1.0,0.5,1
5ab57fc4554299488d4d99c0,bridge,4,0.5,0.25,0
5a7b48b15542995eb53be8eb,bridge,4,1.0,0.5,1
5a8933fe55429951533612df,bridge,4,0.5,0.25,0
5a80e4b255429938b6142239,bridge,4,0.5,0.25,0
5adc8cb45542994d58a2f651,bridge,4,0.5,0.25,0
5abde0655542991f6610608b,bridge,4,1.0,0.5,1
5ae26af3554299492dc91c1c,comparison,4,1.0,0.5,1
5a73471a5542991f9a20c6d7,bridge,4,1.0,0.5,1
5a877df15542993e715abf7a,comparison,4,1.0,0.5,1
5a7e4414554299495941995c,bridge,4,1.0,0.5,1
5adf227a5542992d7e9f92a6,bridge,4,0.5,0.25,0
5a7f8b8c5542995d8a8ddea1,bridge,4,0.5,0.25,0
5a8d8f77554299068b959d3e,bridge,4,1.0,0.5,1
5a84ee4c5542997175ce1f2b,comparison,4,1.0,0.5,1
5ac1a3fa5542991316484b7d,bridge,4,1.0,0.5,1
5a8a1a9c5542992d82986ebb,bridge,4,1.0,0.5,1
5a8ccea555429941ae14deeb,bridge,4,0.5,0.25,0
5ae1b8075542997283cd2262,bridge,4,0.5,0.25,0
5ab56f3e5542992aa134a317,comparison,4,1.0,0.5,1
5a8d40585542994ba4e3dc39,bridge,4,1.0,0.5,1
5ae1a8c05542997f29b3c0ec,bridge,4,0.5,0.25,0
5ab4b7d15542996a3a969fbc,bridge,4,1.0,0.5,1
5a89fc305542993b751ca9dc,bridge,4,1.0,0.5,1
5ae164685542997b2ef7d1cb,bridge,4,0.5,0.25,0
5a84b8555542991dd0999db2,bridge,4,0.5,0.25,0
5ab327bc554299233954ff33,bridge,4,1.0,0.5,1
5a82f05255429966c78a6aa2,bridge,4,1.0,0.5,1
5ae0818e55429924de1b70e9,bridge,4,0.5,0.25,0
5adc760c5542994650320d11,bridge,4,1.0,0.5,1
5a7fa97d5542994857a767a9,bridge,4,1.0,0.5,1
5ab815865542995dae37ea2d,bridge,4,1.0,0.5,1
5a7a3a2a5542996c55b2dd41,bridge,4,0.5,0.25,0
5ab5487b554299494045ef68,bridge,4,1.0,0.5,1
5a8c51f0554299240d9c2111,bridge,4,1.0,0.5,1
5a84c0885542994c784dda28,bridge,4,1.0,0.5,1
5a89a74e554299669944a562,bridge,4,1.0,0.5,1
5a83c9445542992ef85e2360,bridge,4,0.5,0.25,0
5ac3ce74554299204fd21e71,bridge,4,0.5,0.25,0
5abea85f5542990832d3a070,bridge,4,1.0,0.5,1
5a7f75e95542992e7d278d09,comparison,4,1.0,0.5,1
5a8b19f45542996c9b8d5f9e,bridge,4,1.0,0.5,1
5ab5e4e15542997d4ad1f229,bridge,4,0.5,0.25,0
5a7736d85542994aec3b722b,comparison,4,1.0,0.5,1
5a77ba6c55429967ab10524c,bridge,4,0.5,0.25,0
5adf9ea05542992d7e9f93bf,bridge,4,1.0,0.5,1
5abbe188554299642a094ba0,bridge,4,1.0,0.5,1
5a8319b255429940e5e1a960,bridge,4,1.0,0.5,1
5ac21ac05542991316484bee,comparison,4,1.0,0.5,1
5a721bbc55429971e9dc9279,bridge,4,1.0,0.5,1
5ab915ad55429919ba4e239c,bridge,4,0.5,0.25,0
5ab250b9554299722f9b4cd9,bridge,4,0.5,0.25,0
5a886211554299206df2b24a,comparison,4,0.5,0.25,0
5a7633ad5542992db9473741,comparison,4,1.0,0.5,1
5ab34a76554299233954ff3f,bridge,4,1.0,0.5,1
5ab204795542993be8fa98ad,bridge,4,1.0,0.5,1
5a87f3cb5542994846c1ce03,bridge,4,1.0,0.5,1
5abc805a554299658360045b,comparison,4,1.0,0.5,1
5a866c04554299211dda2b25,comparison,4,1.0,0.5,1
5ab42b8955429942dd415ea6,bridge,4,1.0,0.5,1
5ac4920d5542996feb3fe8d3,bridge,4,1.0,0.5,1
5a90991d5542990a9849366b,bridge,4,0.5,0.25,0
5a8ff83c55429916514e73f3,bridge,4,1.0,0.5,1
5ab8750255429934fafe6dd1,bridge,4,0.5,0.25,0
5a8f03855542997ba9cb3186,bridge,4,1.0,0.5,1
5ab3fa095542992ade7c6f0a,bridge,4,0.5,0.25,0
5aded04755429975fa854fa7,bridge,4,1.0,0.5,1
5a7292385542994cef4bc342,bridge,4,1.0,0.5,1
5ae14b5c55429920d52343aa,bridge,4,1.0,0.5,1
5a74581555429979e2882912,bridge,4,1.0,0.5,1
5ae4b5935542995ad6573e27,comparison,4,1.0,0.5,1
5ac4d717554299076e296e0e,bridge,4,1.0,0.5,1
5abe436455429976d4830ac6,bridge,4,0.5,0.25,0
5a7a954855429941d65f26cd,bridge,4,0.5,0.25,0
5a90b3c65542990a984936b7,bridge,4,0.5,0.25,0
5abb7ff15542996cc5e4a015,bridge,4,0.5,0.25,0
5a84c4bb5542991dd0999dec,bridge,4,1.0,0.5,1
5ab48ec25542991779162cdc,bridge,4,1.0,0.5,1
5ae35b035542992e3233c3ae,bridge,4,1.0,0.5,1
5a7f010955429934daa2fc8b,comparison,4,1.0,0.5,1
5a8ce9ed554299585d9e3764,bridge,4,1.0,0.5,1
5ac285335542996773102552,bridge,4,1.0,0.5,1
5adbcc085542996e6852523c,bridge,4,1.0,0.5,1
5a8c2adc554299240d9c20a9,bridge,4,1.0,0.5,1
5ae731c4554299572ea54781,bridge,4,0.5,0.25,0
5a77152355429966f1a36c2e,bridge,4,0.5,0.25,0
5ae71d2d554299572ea546f7,bridge,4,1.0,0.5,1
5a7b1d3b5542992d025e677a,bridge,4,0.5,0.25,0
5abaf3195542996cc5e49f2c,bridge,4,0.5,0.25,0
5ac2768d5542990b17b153a8,bridge,4,0.5,0.25,0
5ac2ad5355429921a00ab02c,bridge,4,1.0,0.5,1
5ab201765542993be8fa98a4,bridge,4,0.5,0.25,0
5adf9d135542995534e8c817,comparison,4,1.0,0.5,1
5ac3e5de554299204fd21ebc,bridge,4,1.0,0.5,1
5adf67e95542993344016c72,bridge,4,1.0,0.5,1
5ade982f554299728e26c753,bridge,4,1.0,0.5,1
5ab96ab755429970cfb8eacd,bridge,4,1.0,0.5,1
5adc99d95542994ed6169baa,bridge,4,1.0,0.5,1
5a8534305542997b5ce3ffc4,comparison,4,1.0,0.5,1
5abdc8e755429965af743e3f,bridge,4,1.0,0.5,1
5ac3e01d5542997ea680c969,bridge,4,0.5,0.25,0
5a747a9a55429929fddd8444,comparison,4,1.0,0.5,1
5addc2b75542997dc7907017,bridge,4,1.0,0.5,1
5a7b4073554299042af8f733,bridge,4,1.0,0.5,1
5abdf72055429976d4830a37,bridge,4,1.0,0.5,1
5a778a165542995d831811a9,comparison,4,1.0,0.5,1
5abde4595542991f66106095,bridge,4,0.5,0.25,0
5ae74818554299572ea547ad,bridge,4,1.0,0.5,1
5adfa22655429942ec259ac4,bridge,4,1.0,0.5,1
5a7228f655429971e9dc9312,bridge,4,1.0,0.5,1
5ab430f655429942dd415eca,bridge,4,0.5,0.25,0
5a75436155429974ef308cbc,bridge,4,1.0,0.5,1
5a86141f5542996432c571a5,bridge,4,1.0,0.5,1
5a734e6d5542994cef4bc528,comparison,4,1.0,0.5,1
5ac3dc9e5542997ea680c950,bridge,4,0.5,0.25,0
5adf8c375542995534e8c7dd,bridge,4,0.5,0.25,0
5adfb698554299603e418385,bridge,4,0.5,0.25,0
5ae5faf555429929b0807a4c,bridge,4,1.0,0.5,1
5a84c66a5542994c784dda45,bridge,4,1.0,0.5,1
5ab85a1155429934fafe6d7c,comparison,4,1.0,0.5,1
5ae2e8e05542991a06ce98fb,bridge,4,1.0,0.5,1
5ac2a35055429967731025ce,bridge,4,1.0,0.5,1
5a8e36835542995085b373e2,comparison,4,1.0,0.5,1
5ab3c270554299233954ff9e,bridge,4,1.0,0.5,1
5adce88b5542992c1e3a249a,bridge,4,0.5,0.25,0
5ae65e6a5542996d980e7b1d,bridge,4,0.5,0.25,0
5ac4a7615542996feb3fe92a,bridge,4,0.5,0.25,0
5ab28120554299449642c8cc,comparison,4,1.0,0.5,1
5ab4313a554299233955004c,bridge,4,1.0,0.5,1
5ab682dc55429954757d3318,bridge,4,1.0,0.5,1
5adf86355542993344016cbd,bridge,4,1.0,0.5,1
5ab7a1f65542991d3222378f,bridge,4,0.5,0.25,0
5ac24a035542992f1f2b3832,bridge,4,0.5,0.25,0
5a8f91c755429918e830d26c,bridge,4,1.0,0.5,1
5ac4db1d554299076e296e1a,bridge,4,1.0,0.5,1
5a77474855429972597f14e4,comparison,4,1.0,0.5,1
5a717d4c5542994082a3e854,comparison,4,1.0,0.5,1
5ae762985542995703ce8c04,bridge,4,1.0,0.5,1
5a8c5eca554299240d9c213d,bridge,4,0.5,0.25,0
5a778cae55429949eeb29eeb,bridge,4,1.0,0.5,1
5a8af94455429971feec45b6,bridge,4,1.0,0.5,1
5ac30a79554299657fa290e2,bridge,4,1.0,0.5,1
5a74ee175542996c70cfae41,bridge,4,1.0,0.5,1
5a76f5b155429972597f1400,bridge,4,1.0,0.5,1
5adf9b415542995ec70e904c,bridge,4,1.0,0.5,1
5abfdfcb5542997d642958fe,bridge,4,1.0,0.5,1
5a7787b655429949eeb29ed3,bridge,4,0.5,0.25,0
5a72e4375542992359bc31bf,bridge,4,1.0,0.5,1
5ae75c6e5542991bbc9761f8,bridge,4,1.0,0.5,1
5a75e16055429976ec32bc6a,bridge,4,1.0,0.5,1
5ab82d345542990e739ec854,bridge,4,1.0,0.5,1
5a7663665542992d0ec060d3,bridge,4,1.0,0.5,1
5ae4094655429970de88d896,bridge,4,1.0,0.5,1
5ab42b24554299753aec5a43,bridge,4,0.5,0.25,0
5ab28c89554299340b525513,bridge,4,1.0,0.5,1
5ab6bf6d55429953192ad372,comparison,4,1.0,0.5,1
5a7f35015542992e7d278c8a,bridge,4,0.5,0.25,0
5abd6bf055429933744ab7c8,bridge,4,0.5,0.25,0
5ae2dd2055429928c423950d,bridge,4,0.5,0.25,0
5ade89d855429975fa854ef7,bridge,4,1.0,0.5,1
5ae2075f5542994d89d5b315,bridge,4,0.5,0.25,0
5ae7c2dc5542994a481bbdd3,bridge,4,1.0,0.5,1
5ae1a7c8554299234fd042b0,bridge,4,0.5,0.25,0
5a7b40cd5542995eb53be8d4,comparison,4,1.0,0.5,1
5a8ba45b554299240d9c2051,bridge,4,1.0,0.5,1
5a7e08b55542997cc2c474fe,bridge,4,0.5,0.25,0
5ac2cb09554299657fa29066,bridge,4,1.0,0.5,1
5a8d7f2b554299068b959d0c,bridge,4,0.5,0.25,0
5a8313a755429954d2e2ec06,bridge,4,1.0,0.5,1
5adcc6765542994d58a2f6c9,bridge,4,0.5,0.25,0
5adf099a5542992d7e9f927f,comparison,4,0.5,0.25,0
5a8f141e55429918e830d181,bridge,4,0.5,0.25,0
5ac2927b5542996366519a17,comparison,4,1.0,0.5,1
5ab71f7d554299110f219ab9,bridge,4,1.0,0.5,1
5aba74ad55429955dce3ee35,comparison,4,0.5,0.25,0
5a8d4fbf5542994ba4e3dc68,bridge,4,1.0,0.5,1
5ae75a4c5542997b22f6a6f1,bridge,4,1.0,0.5,1
5ac3b4e0554299741d48a2ec,comparison,4,1.0,0.5,1
5ac2660d55429951e9e685a1,bridge,4,0.5,0.25,0
5a77d2d25542992a6e59dfe2,bridge,4,1.0,0.5,1
5abb11c15542992ccd8e7ef8,bridge,4,1.0,0.5,1
5ae6638555429908198fa5ba,bridge,4,1.0,0.5,1
5a77510b5542994aec3b728b,bridge,4,1.0,0.5,1
5a887bc0554299206df2b2b6,bridge,4,1.0,0.5,1
5a78f26055429970f5fffdeb,bridge,4,1.0,0.5,1
5a739323554299623ed4abff,comparison,4,1.0,0.5,1
5ac50dd05542994611c8b343,bridge,4,1.0,0.5,1
5a8ece2e5542995085b37497,bridge,4,1.0,0.5,1
5ae375955542990afbd1e15d,bridge,4,1.0,0.5,1
5adf6aca5542993344016c8d,bridge,4,1.0,0.5,1
5a8459aa5542996488c2e51e,bridge,4,0.5,0.25,0
5ab8a7f65542991b5579efca,bridge,4,0.5,0.25,0
5adf9f6c5542992d7e9f93c2,bridge,4,1.0,0.5,1
5ae74fb95542991e8301cc57,bridge,4,1.0,0.5,1
5ae28f43554299492dc91c2f,comparison,4,1.0,0.5,1
5ab6bb575542995eadef0088,bridge,4,0.5,0.25,0
5a8307c055429966c78a6af9,bridge,4,1.0,0.5,1
5ac31a73554299741d48a1e9,bridge,4,1.0,0.5,1
5ae7b001554299540e5a5645,bridge,4,1.0,0.5,1
5a77519c55429972597f14fa,bridge,4,0.5,0.25,0
5a75e7b255429976ec32bc95,comparison,4,0.5,0.25,0
5ab47e0a5542990594ba9c32,bridge,4,0.5,0.25,0
5ab5fcae554299110f2199ad,bridge,4,1.0,0.5,1
5a8d7b1755429941ae14dfc6,bridge,4,1.0,0.5,1
5ae60db1554299546bf83041,bridge,4,0.5,0.25,0
5ac3d9135542995c82c4ac4c,bridge,4,1.0,0.5,1
5ab26a4b55429970612095fc,bridge,4,1.0,0.5,1
5a738a5955429908901be2f6,bridge,4,1.0,0.5,1
5a73d951554299623ed4ac77,bridge,4,1.0,0.5,1
5a8708ba55429960ec39b701,bridge,4,1.0,0.5,1
5a7147fd5542994082a3e758,bridge,4,1.0,0.5,1
5ab7f0b9554299366779405d,comparison,4,1.0,0.5,1
5ade0fbb5542995b365fabfb,bridge,4,1.0,0.5,1
5a7324205542994cef4bc478,comparison,4,1.0,0.5,1
5a80cddd554299260e20a169,bridge,4,1.0,0.5,1
5a8f15d2554299458435d551,bridge,4,0.5,0.25,0
5ac2dc4b55429921a00ab083,comparison,4,1.0,0.5,1
5a845d735542996488c2e52e,bridge,4,1.0,0.5,1
5a835a7b554299123d8c20fc,comparison,4,1.0,0.5,1
5ab29e87554299194fa9346e,bridge,4,0.5,0.25,0
5ade90aa554299728e26c733,bridge,4,1.0,0.5,1
5a7651825542992d0ec060a3,comparison,4,1.0,0.5,1
5a8031c1554299485f598585,bridge,4,1.0,0.5,1
5a84c89a5542992a431d1a9c,bridge,4,1.0,0.5,1
5ae5f3bb5542996de7b71a7e,bridge,4,0.5,0.25,0
5ae4a3265542995ad6573de5,comparison,4,0.5,0.25,0
5ade0a275542997545bbbe2d,bridge,4,0.5,0.25,0
5ae676915542995703ce8b66,bridge,4,0.5,0.25,0
5a8c6ebd5542996e8ac88aa9,bridge,4,1.0,0.5,1
5ac02d59554299294b218f3b,bridge,4,1.0,0.5,1
5a7f68365542994857a7672e,comparison,4,1.0,0.5,1
5ab5c984554299488d4d9a21,bridge,4,1.0,0.5,1
5ae0b68e55429906c02daafb,bridge,4,1.0,0.5,1
5ac52f455542996feb3fea12,bridge,4,1.0,0.5,1
5a79257b55429974737f79a7,bridge,4,1.0,0.5,1
5a87ef2f55429938390d3eb9,comparison,4,1.0,0.5,1
5ae6911955429908198fa626,bridge,4,1.0,0.5,1
5a844fd35542990548d0b274,comparison,4,1.0,0.5,1
5ac11a8d5542992a796dedee,comparison,4,1.0,0.5,1
5ac0d83a554299294b219038,bridge,4,0.5,0.25,0
5a8c87aa554299653c1aa0ac,comparison,4,1.0,0.5,1
5a7c4a6455429907fabeef53,bridge,4,1.0,0.5,1
5a713fb15542994082a3e6f0,comparison,4,1.0,0.5,1
5ae0aabc55429945ae9593fe,bridge,4,1.0,0.5,1
5adf2d375542993344016c0d,bridge,4,0.5,0.25,0
5ab81cd955429916710eaff7,bridge,4,1.0,0.5,1
5ac11201554299294b21908c,bridge,4,0.5,0.25,0
5a7b47765542992d025e67d8,bridge,4,1.0,0.5,1
5ac43c7b5542997ea680ca34,bridge,4,1.0,0.5,1
5a8ccceb554299653c1aa128,bridge,4,0.5,0.25,0
5add84a15542997545bbbd5e,comparison,4,0.5,0.25,0
5a7c6753554299683c1c62f9,bridge,4,0.5,0.25,0
5a72a0be5542992359bc3143,bridge,4,1.0,0.5,1
5ae6793e5542991bbc9760e2,bridge,4,0.5,0.25,0
5ac0cf0f554299294b219018,comparison,4,1.0,0.5,1
5a8662b955429960ec39b687,bridge,4,0.5,0.25,0
5ac1767a5542994d76dcce48,bridge,4,0.5,0.25,0
5aba7fd055429955dce3ee5e,bridge,4,1.0,0.5,1
5ac43e0f554299076e296d8e,comparison,4,0.5,0.25,0
5ae6e36155429908198fa6d3,bridge,4,0.5,0.25,0
5a74f3f55542993748c8974b,bridge,4,0.0,0.0,0
5aba05cb55429939ce03dc56,bridge,4,0.5,0.25,0
5ab3e45655429976abd1bcd4,bridge,4,0.5,0.25,0
5ac259585542992f1f2b3868,bridge,4,1.0,0.5,1
5a88c92d5542993b751ca84e,comparison,4,0.5,0.25,0
5ab3f6935542992339550019,bridge,4,1.0,0.5,1
5ae8295955429952e35eaa6d,bridge,4,0.5,0.25,0
5ab5035b5542996a3a969ff8,bridge,4,0.5,0.25,0
5a73024f5542991f9a20c5fc,bridge,4,0.5,0.25,0
5ac2570a5542992f1f2b3861,bridge,4,1.0,0.5,1
5ab5ed505542997d4ad1f255,bridge,4,1.0,0.5,1
5ac05c245542992a796dece5,bridge,4,0.5,0.25,0
5a711cb45542994082a3e59f,comparison,4,1.0,0.5,1
5a712c4b5542994082a3e622,bridge,4,0.5,0.25,0
5a7fc5875542992e7d278d67,bridge,4,1.0,0.5,1
5ab8723c55429934fafe6dbc,bridge,4,0.5,0.25,0
5a7fb1b25542992097ad2fb2,bridge,4,0.0,0.0,0
5a879dae5542996e4f308885,bridge,4,1.0,0.5,1
5ae612f3554299546bf83065,bridge,4,1.0,0.5,1
5a714bb35542994082a3e78f,comparison,4,1.0,0.5,1
5a753c8c55429916b01642ab,bridge,4,1.0,0.5,1
5adc905e5542994d58a2f662,bridge,4,1.0,0.5,1
5a7af4bb55429927d897bf1d,bridge,4,1.0,0.5,1
5a8eb51655429917b4a5bdb5,bridge,4,0.5,0.25,0
5a7a3a945542996a35c17147,bridge,4,0.5,0.25,0
5a8787305542996e4f30882d,bridge,4,0.5,0.25,0
5ac19ff65542994d76dcce8f,comparison,4,1.0,0.5,1
5ab5f249554299488d4d9a5d,bridge,4,0.5,0.25,0
5adf5c175542995ec70e8fd0,bridge,4,1.0,0.5,1
5a89a13c55429946c8d6e97a,bridge,4,0.5,0.25,0
5ae5fa38554299546bf82ff1,bridge,4,1.0,0.5,1
5ab7f6d35542993667794070,bridge,4,1.0,0.5,1
5a8e068b5542995085b37384,comparison,4,1.0,0.5,1
5adbd70c55429947ff173843,bridge,4,0.5,0.25,0
5aba71be5542994dbf01990c,bridge,4,0.5,0.25,0
5ab7d12f55429928e1fe391f,bridge,4,1.0,0.5,1
5a881ea055429938390d3ef3,bridge,4,1.0,0.5,1
5a8d263f554299653c1aa139,bridge,4,0.5,0.25,0
5ab8ffc655429934fafe6e30,bridge,4,0.5,0.25,0
5abe731255429965af743f0e,comparison,4,1.0,0.5,1
5ab2771e554299340b5254d8,bridge,4,1.0,0.5,1
5a8bde565542995d1e6f1454,comparison,4,1.0,0.5,1
5a737dc455429908901be2c9,bridge,4,1.0,0.5,1
5ae077735542993d6555eb6d,bridge,4,1.0,0.5,1
5a7618d85542994ccc9186cf,bridge,4,1.0,0.5,1
5a88abf75542997e5c09a6a1,bridge,4,0.5,0.25,0
5a83d7d05542992ef85e237a,bridge,4,1.0,0.5,1
5ae07e5b55429945ae959381,bridge,4,1.0,0.5,1
5ae13b085542997b2ef7d146,bridge,4,0.5,0.25,0
5a88cc8f55429938390d3fc5,bridge,4,1.0,0.5,1
5ab26b60554299449642c898,bridge,4,1.0,0.5,1
5a7615fb5542992db9473727,bridge,4,1.0,0.5,1
5ae142c455429920d5234355,bridge,4,0.5,0.25,0
5abc6c2655429959677d6aac,bridge,4,0.5,0.25,0
5abdb4a755429965af743df0,bridge,4,1.0,0.5,1
5a7e37095542995ed0d166d5,comparison,4,1.0,0.5,1
5ac3bd0c554299204fd21e21,comparison,4,1.0,0.5,1
5a834ed95542990548d0b1ca,comparison,4,1.0,0.5,1
5a8318955542990548d0b177,bridge,4,1.0,0.5,1
5ae680cc5542996d980e7ba5,bridge,4,1.0,0.5,1
5ac397fe554299218029dbe2,bridge,4,0.5,0.25,0
5a8f6a025542992414482ab8,bridge,4,0.5,0.25,0
5ae6316d5542996de7b71b87,bridge,4,1.0,0.5,1
5ab5c31b554299488d4d9a19,bridge,4,1.0,0.5,1
5ac17b485542994ab5c67d65,bridge,4,0.5,0.25,0
5a75fbe855429976ec32bcde,comparison,4,1.0,0.5,1
5ac017f4554299012d1db5a2,comparison,4,1.0,0.5,1
5a863ff0554299211dda2ac6,comparison,4,1.0,0.5,1
5ab2a292554299194fa93496,bridge,4,0.5,0.25,0
5ab2118055429970612095b8,bridge,4,0.5,0.25,0
5a88a4e65542997e5c09a671,bridge,4,1.0,0.5,1
5ae0a48155429945ae9593df,bridge,4,0.5,0.25,0
5abc0bea554299658360040d,bridge,4,0.5,0.25,0
5a7b3a2455429927d897bf5c,bridge,4,1.0,0.5,1
5ac3b9c5554299657fa2911b,bridge,4,1.0,0.5,1
5abe369055429976d4830a8a,bridge,4,1.0,0.5,1
5addfdf65542992200553bd2,bridge,4,1.0,0.5,1
5a7a36e65542990198eaf0ea,bridge,4,0.5,0.25,0
5a90b1a15542990a984936ab,bridge,4,0.5,0.25,0
5ae0361155429925eb1afc2c,bridge,4,1.0,0.5,1
5a810506554299260e20a202,bridge,4,1.0,0.5,1
5a7ce50f55429909bec76869,bridge,4,1.0,0.5,1
5a8bb7f95542996e8ac889ff,bridge,4,0.5,0.25,0
5a85d25b5542996432c570ee,bridge,4,1.0,0.5,1
5abc17c25542993a06baf85b,comparison,4,1.0,0.5,1
5ae326d85542991a06ce9938,bridge,4,1.0,0.5,1
5a88658955429938390d3f47,bridge,4,1.0,0.5,1
5ac55c135542993e66e82345,bridge,4,0.5,0.25,0
5a7b22f8554299042af8f6ff,bridge,4,0.5,0.25,0
5ae1ba55554299234fd042d9,bridge,4,0.5,0.25,0
5a829fab55429954d2e2eb83,comparison,4,1.0,0.5,1
5a8b036d55429971feec45fe,comparison,4,1.0,0.5,1
5adfc77b554299603e4183ab,comparison,4,1.0,0.5,1
5ae7ae9a5542993210983ef2,bridge,4,1.0,0.5,1
5ab611cc5542992aa134a411,comparison,4,1.0,0.5,1
5ae31ca155429928c4239608,bridge,4,0.5,0.25,0
5ae0a59a55429945ae9593e2,bridge,4,1.0,0.5,1
5a77e96c5542995d8318132d,bridge,4,0.5,0.25,0
5ab9405c554299743d22ea7c,bridge,4,0.5,0.25,0
5ab7a86d5542995dae37e986,bridge,4,0.5,0.25,0
5ac3ae885542995ef918c1e7,bridge,4,1.0,0.5,1
5a80b9ae5542992bc0c4a7eb,bridge,4,0.5,0.25,0
5ab32256554299233954ff22,bridge,4,1.0,0.5,1
5adf80605542995534e8c7d2,bridge,4,0.5,0.25,0
5ae7620f5542997ec2727627,bridge,4,1.0,0.5,1
5adeda67554299728e26c7db,comparison,4,1.0,0.5,1
5a8a1a975542992e4fca8505,bridge,4,0.5,0.25,0
5ab29b07554299194fa93440,bridge,4,0.5,0.25,0
5ae7e8b855429952e35ea9dd,bridge,4,0.5,0.25,0
5a85441f5542997175ce1faa,bridge,4,0.5,0.25,0
5ade1ddf55429939a52fe827,bridge,4,0.5,0.25,0
5a78eb8155429970f5fffdd2,bridge,4,1.0,0.5,1
5ae2c509554299492dc91c68,bridge,4,0.5,0.25,0
5adf6b405542992d7e9f9341,bridge,4,1.0,0.5,1
5adbfbd555429947ff173893,bridge,4,0.5,0.25,0
5abc089b5542993f40c73c57,bridge,4,1.0,0.5,1
5a77ad2f55429967ab105225,bridge,4,1.0,0.5,1
5a8841a35542994846c1ce69,bridge,4,0.5,0.25,0
5ae5aba0554299546bf82f17,bridge,4,0.5,0.25,0
5ae10df355429920d52342ac,bridge,4,0.5,0.25,0
5ae46b615542995dadf24327,comparison,4,1.0,0.5,1
5a750d315542996c70cfae84,bridge,4,1.0,0.5,1
5a8a575a554299515336136e,bridge,4,1.0,0.5,1
5a733c925542991f9a20c6b7,comparison,4,1.0,0.5,1
5ab29842554299194fa93420,bridge,4,0.5,0.25,0
5a714b645542994082a3e78b,bridge,4,1.0,0.5,1
5a78bd515542990784727749,bridge,4,0.5,0.25,0
5a8750945542996432c57264,bridge,4,0.5,0.25,0
5a8ba0855542995d1e6f1427,bridge,4,0.5,0.25,0
5ae72fc5554299572ea54770,bridge,4,1.0,0.5,1
5adf65555542992d7e9f9334,bridge,4,1.0,0.5,1
5ae3c0cc5542992f92d82369,bridge,4,0.5,0.25,0
5ac458f8554299204fd21f2a,bridge,4,1.0,0.5,1
