arm,type,n,recall,precision,full_match,k
Arm1 dense k=4,bridge,1653,0.7428917120387175,0.3727566041540633,0.5275257108287962,4.0
Arm1 dense k=4,comparison,447,0.930648769574944,0.46905294556301264,0.8612975391498882,4.0
Arm2 CE k=4,bridge,1653,0.8076225045372051,0.4051220004033071,0.6261343012704175,3.9945553539019962
Arm2 CE k=4,comparison,447,0.9552572706935123,0.48135719612229677,0.912751677852349,3.9843400447427295
Arm2 CE k=5,bridge,1653,0.8445251058681186,0.33942327082073004,0.6975196612220206,4.9915305505142165
Arm2 CE k=5,comparison,447,0.9720357941834452,0.3938851603281133,0.9440715883668904,4.970917225950783
Iter k=4 (no gate),bridge,1653,0.8260738052026618,0.41434765073603547,0.6672716273442226,3.9945553539019962
Iter k=4 (no gate),comparison,447,0.9328859060402684,0.47017151379567484,0.8657718120805369,3.9843400447427295
Iter k=5 (no gate),bridge,1653,0.8542044767090139,0.34329501915708815,0.7180883242589232,4.9915305505142165
Iter k=5 (no gate),comparison,447,0.9619686800894854,0.3898583146905294,0.9239373601789709,4.970917225950783
Arm4b per-type (theta=0.18),bridge,1653,0.7577132486388385,0.565880217785844,0.5226860254083484,3.5977011494252875
Arm4b per-type (theta=0.18),comparison,447,0.912751677852349,0.6673005219985085,0.8277404921700223,3.3982102908277403
"Arm4b per-type (theta=0.15, sensitivity)",bridge,1653,0.7834240774349668,0.514821536600121,0.572897761645493,3.9981851179673322
"Arm4b per-type (theta=0.15, sensitivity)",comparison,447,0.9295302013422819,0.6357568978374347,0.8612975391498882,3.639821029082774
Arm5 iter+gate (theta=0.18),bridge,1653,0.7894736842105263,0.5204073401895544,0.5934664246823956,3.849969751966122
Arm5 iter+gate (theta=0.18),comparison,447,0.9295302013422819,0.5559284116331096,0.8590604026845637,4.038031319910514
"Arm5 iter+gate (theta=0.15, sensitivity)",bridge,1653,0.8173018753781004,0.45821738253680183,0.6460980036297641,4.3986690865093765
"Arm5 iter+gate (theta=0.15, sensitivity)",comparison,447,0.9407158836689038,0.5332960477255779,0.8814317673378076,4.237136465324385
Hybrid: Iter k=4 bridge / Arm2 comp. (oracle),bridge,1653,0.8260738052026618,0.41434765073603547,0.6672716273442226,3.9945553539019962
Hybrid: Iter k=4 bridge / Arm2 comp. (oracle),comparison,447,0.9552572706935123,0.48135719612229677,0.912751677852349,3.9843400447427295
"Arm6 sufficiency stop (tau=0.95, theta=0.18)",bridge,1653,0.7894736842105263,0.5204073401895544,0.5934664246823956,3.849969751966122
"Arm6 sufficiency stop (tau=0.95, theta=0.18)",comparison,447,0.9295302013422819,0.5559284116331096,0.8590604026845637,4.038031319910514
