theta,mean_k,recall
0.01,5.989407799711122,0.8791526239768898
0.03,5.985556090515166,0.8791526239768898
0.05,5.9224843524313915,0.8777082330284064
0.07,5.731343283582089,0.8726528647087145
0.09,5.481945113143958,0.8654309099662976
0.1,5.301396244583534,0.8567645642753972
0.12,4.95907558979297,0.8432835820895522
0.14,4.59653346172364,0.827395281656235
0.15,4.410207029369283,0.8187289359653346
0.16,4.229658160808859,0.8105440539239287
0.18,3.867116032739528,0.7912855079441502
0.2,3.5450168512277322,0.7698603755416467
0.22,3.239287433798748,0.7477130476649013
0.25,2.8468945594607606,0.715214251324025
0.28,2.474723158401541,0.6815117958594126
0.3,2.272508425613866,0.6627347135291286
0.35,1.8406355320173327,0.609051516610496
0.4,1.4963890226287915,0.55825710158883
0.45,1.274434280211844,0.5194992778045258
0.5,1.123736157920077,0.48964853153586907
0.6,1.0115551275878671,0.46364949446316805
0.7,1.0,0.460519980741454
0.8,1.0,0.460519980741454
