A,B,type,comparator,n,delta_recall,ci_lo,ci_hi,p_recall,p_fullmatch_mcnemar,delta_k,p_recall_holm,p_fullmatch_holm
Arm5 iter+gate (theta=0.18),Arm2 CE k=4,bridge,Arm 5 vs Arm 2 k=4,1653,-0.018148820326678767,-0.030255595886267386,-0.005747126436781609,0.004,0.008612531628385022,-0.14458560193587422,0.032,0.06843630802154743
Arm5 iter+gate (theta=0.18),Arm2 CE k=4,comparison,Arm 5 vs Arm 2 k=4,447,-0.025727069351230425,-0.04586129753914989,-0.005592841163310962,0.0154,0.008771714457060136,0.05369127516778471,0.07919999999999999,0.06843630802154743
Iter k=4 (no gate),Arm2 CE k=4,bridge,Iter k=4 vs Arm 2 k=4,1653,0.018451300665456746,0.008166969147005444,0.028735632183908046,0.0008,6.130001561684035e-05,0.0,0.007200000000000001,0.0005517001405515631
Iter k=4 (no gate),Arm2 CE k=4,comparison,Iter k=4 vs Arm 2 k=4,447,-0.02237136465324385,-0.039149888143176735,-0.005592841163310962,0.0132,0.009853448195259268,0.0,0.07919999999999999,0.06843630802154743
Iter k=5 (no gate),Arm2 CE k=5,bridge,Iter k=5 vs Arm 2 k=5,1653,0.009679370840895343,0.0,0.019358741681790685,0.0548,0.03441962468831583,0.0,0.2192,0.13767849875326332
Iter k=5 (no gate),Arm2 CE k=5,comparison,Iter k=5 vs Arm 2 k=5,447,-0.010067114093959731,-0.02348993288590604,0.003355704697986577,0.1646,0.19959086691960698,0.0,0.3852,0.4963215388019693
Arm5 iter+gate (theta=0.18),Iter k=4 (no gate),bridge,Arm 5 vs Iter k=4 (gating effect),1653,-0.03660012099213551,-0.04597701149425287,-0.02692075015124017,0.0001,9.453459070540509e-15,-0.14458560193587422,0.0014,1.2044078792127067e-13
Arm5 iter+gate (theta=0.18),Iter k=4 (no gate),comparison,Arm 5 vs Iter k=4 (gating effect),447,-0.003355704697986577,-0.020134228187919462,0.013422818791946308,0.736,0.7913664277791806,0.05369127516778471,0.736,0.7913664277791806
Arm4b per-type (theta=0.18),Arm2 CE k=4,bridge,Arm 4b vs Arm 2 (calib single-pass vs fixed-k),1653,-0.0499092558983666,-0.060496067755595885,-0.03932244404113733,0.0001,1.977036126939573e-21,-0.3968542044767087,0.0014,2.767850577715402e-20
Arm4b per-type (theta=0.18),Arm2 CE k=4,comparison,Arm 4b vs Arm 2 (calib single-pass vs fixed-k),447,-0.042505592841163314,-0.06040268456375839,-0.024608501118568233,0.0001,1.8809621564294015e-06,-0.5861297539149892,0.0014,1.8809621564294015e-05
Arm5 iter+gate (theta=0.18),Arm4b per-type (theta=0.18),bridge,Arm 5 vs Arm 4b (iter vs single-pass gating),1653,0.03176043557168784,0.02026618269812462,0.04325468844525106,0.0001,8.210904334319149e-10,0.2522686025408345,0.0014,9.031994767751065e-09
Arm5 iter+gate (theta=0.18),Arm4b per-type (theta=0.18),comparison,Arm 5 vs Arm 4b (iter vs single-pass gating),447,0.016778523489932886,-0.0044742729306487695,0.03803131991051454,0.1284,0.16544051293398976,0.6398210290827739,0.3852,0.4963215388019693
Arm2 CE k=4,Arm1 dense k=4,bridge,Arm 2 vs Arm 1 (re-ranking effect),1653,0.0647307924984876,0.051119177253478525,0.07834240774349667,0.0001,9.264675993943898e-15,-0.005444646098003769,0.0014,1.2044078792127067e-13
Arm2 CE k=4,Arm1 dense k=4,comparison,Arm 2 vs Arm 1 (re-ranking effect),447,0.024608501118568233,0.005592841163310962,0.0436241610738255,0.0094,0.008554538502693429,-0.015659955257270486,0.0658,0.06843630802154743
