k,Fixed-k,Arm 4b,Arm 5,Arm 6,subset
2.0,0.6810303322099182,0.6110094471851224,0.6288610352058889,0.6813722087238228,bridge
2.5,0.7213529128550795,0.6685094356320448,0.6838007724595317,0.7301595978411927,bridge
3.0,0.7616754935002408,0.71074853682362,0.7278947632705265,0.7616462753895854,bridge
3.5,0.7844246509388542,0.7483110667602697,0.7665993123031023,0.7811072110829826,bridge
4.0,0.8071738083774675,0.7806030332209918,0.798344417227575,,bridge
4.5,0.8245064997592682,0.8088087627910242,0.8229053532039726,,bridge
5.0,0.8418391911410689,0.8326612426340259,0.8448952325618403,,bridge
5.5,0.8532739528165624,0.8508693976316409,0.8659537348752563,,bridge
2.0,0.8428063943161634,0.7034540725704137,0.66425552765358,0.7052478604876473,comparison
2.5,0.8841030195381883,0.8010105959453665,0.7393725902179092,0.7940488084665482,comparison
3.0,0.9253996447602132,0.866909222865219,0.8055862599958835,0.8595322676139727,comparison
3.5,0.9396092362344584,0.9182895627167386,0.8611436299047311,0.8955252626848423,comparison
4.0,0.9538188277087034,0.9520009991119005,0.9147424511545292,0.9167608590343936,comparison
4.5,0.9626998223801067,0.9626960592467712,0.9443722539029634,,comparison
5.0,0.9715808170515098,0.9724647273702202,0.9658046181172291,,comparison
5.5,0.9764653641207816,0.9773067215107039,0.9761878330373002,,comparison
