subset,comparison,depth_k,covered,obs_delta,ci_lo,ci_hi,p_raw,p_holm
bridge,Arm 4b vs Fixed-k,2.0,True,-0.07002088502479575,-0.07958606577789577,-0.06069470663773074,0.0001,0.0008
bridge,Arm 4b vs Fixed-k,2.5,True,-0.05284347722303473,-0.06169131448110657,-0.0442692803213416,0.0001,0.0008
bridge,Arm 4b vs Fixed-k,3.0,True,-0.05092695667662073,-0.05957070185288389,-0.04217226380087768,0.0001,0.0008
bridge,Arm 4b vs Fixed-k,3.5,True,-0.03611358417858446,-0.043736686965269375,-0.028638419002723382,0.0001,0.0008
bridge,Arm 4b vs Fixed-k,4.0,True,-0.026570775156475768,-0.03406598017265712,-0.01905210286966412,0.0001,0.0008
bridge,Arm 4b vs Fixed-k,4.5,True,-0.015697736968243947,-0.021780546591135437,-0.009640083349076397,0.0001,0.0008
bridge,Arm 4b vs Fixed-k,5.0,True,-0.00917794850704301,-0.014633015607500268,-0.0035111384819972763,0.0008,0.0016
bridge,Arm 4b vs Fixed-k,5.5,True,-0.002404555184921442,-0.005626963843600524,0.0009064200453526882,0.1572,0.1572
bridge,Arm 5 vs Fixed-k,2.0,True,-0.05216929700402928,-0.0626461333804246,-0.041813591460928355,0.0001,0.0008
bridge,Arm 5 vs Fixed-k,2.5,True,-0.03755214039554777,-0.047405198914534194,-0.027569607550550785,0.0001,0.0008
bridge,Arm 5 vs Fixed-k,3.0,True,-0.033780730229714284,-0.04417765956867617,-0.023249275532535446,0.0001,0.0008
bridge,Arm 5 vs Fixed-k,3.5,True,-0.017825338635751864,-0.027602359434269533,-0.007861019930715047,0.001,0.005
bridge,Arm 5 vs Fixed-k,4.0,True,-0.008829391149892563,-0.018693355117890324,0.0010422837437330454,0.0794,0.2382
bridge,Arm 5 vs Fixed-k,4.5,True,-0.0016011465552955295,-0.010706643455717531,0.007430596289226552,0.7344,1.0
bridge,Arm 5 vs Fixed-k,5.0,True,0.003056041420771427,-0.005794920247884974,0.012039347147191045,0.51,1.0
bridge,Arm 5 vs Fixed-k,5.5,True,0.012679782058693911,0.004443668647126695,0.021026813914617217,0.0044,0.0176
bridge,Arm 6 vs Fixed-k,2.0,True,0.0003418765139046043,-0.01001413899007613,0.010486276143660756,0.9524,1.0
bridge,Arm 6 vs Fixed-k,2.5,True,0.008806684986113145,-0.0007910767130073324,0.01832990443760351,0.072,0.288
bridge,Arm 6 vs Fixed-k,3.0,True,-2.9218110655371277e-05,-0.009948769142188216,0.010219332123638174,0.9866,1.0
bridge,Arm 6 vs Fixed-k,3.5,True,-0.003317439855871518,-0.013204578436991559,0.006748547506442114,0.517,1.0
bridge,Arm 6 vs Fixed-k,4.0,False,,,,,
bridge,Arm 6 vs Fixed-k,4.5,False,,,,,
bridge,Arm 6 vs Fixed-k,5.0,False,,,,,
bridge,Arm 6 vs Fixed-k,5.5,False,,,,,
bridge,Arm 6 vs Arm 5,2.0,True,0.052511173517933885,0.04529521110234529,0.05958048242032918,0.0001,0.0004
bridge,Arm 6 vs Arm 5,2.5,True,0.04635882538166092,0.039038392612575655,0.053795960542826135,0.0001,0.0004
bridge,Arm 6 vs Arm 5,3.0,True,0.03375151211905891,0.027249240485638062,0.04023961608710656,0.0001,0.0004
bridge,Arm 6 vs Arm 5,3.5,True,0.014507898779880346,0.00948733476758505,0.01977056226580707,0.0001,0.0004
bridge,Arm 6 vs Arm 5,4.0,False,,,,,
bridge,Arm 6 vs Arm 5,4.5,False,,,,,
bridge,Arm 6 vs Arm 5,5.0,False,,,,,
bridge,Arm 6 vs Arm 5,5.5,False,,,,,
